engine,mode,prompt_id,run_id,gen_tokens,token_ms_mean,token_ms_p50,token_ms_p95,token_ms_p99,token_ms_std,slope_ms_per_relpos
nano,kv_cache,p1,2,128,43.7980294296875,43.7732215,73.223944,74.3761108,27.748985567980064,2.178939666727726
nano,kv_cache,p1,2,256,44.942919263671875,44.1975365,74.2821973,75.70794834,26.689013879218795,4.76367225502409
nano,kv_cache,p1,2,512,18.74911186328125,19.101318499999998,22.041444499999997,22.966744679999998,2.060925560638032,4.681379467847701
nano,kv_cache,p1,2,1024,21.060096388671877,20.949826,26.0705617,27.01794907,3.2003739609976734,10.28692237623061
nano,kv_cache,p1,4,128,43.27911986328125,42.715377000000004,70.89461575,71.81220454999999,26.313967139607612,2.311246683940717
nano,kv_cache,p1,4,256,44.65611102929687,43.6441175,75.8079513,77.75890050999999,28.014407252053523,5.022178286518683
nano,kv_cache,p1,4,512,19.17544093359375,19.5343575,22.3076766,22.87421677,2.176953337537395,6.491060415788327
nano,kv_cache,p1,4,1024,21.8606610234375,21.657166500000002,27.47996835,28.25826085,2.925716013461245,9.254648432770189
nano,kv_cache,p1,6,128,43.8176476953125,43.270647999999994,71.293418,72.68890049999999,25.758081289729144,3.0035757696392915
nano,kv_cache,p1,6,256,44.38795005078125,42.9078365,75.33940015,76.41887967999999,26.997984871526985,6.657169383199851
nano,kv_cache,p1,6,512,18.708932724609376,18.9570415,21.61627965,22.548982679999998,1.9439998043724556,5.426085278287055
nano,kv_cache,p1,6,1024,19.428432686523436,18.528817,24.32650925,25.099015339999998,3.049355542060854,10.16872530797511
nano,kv_cache,p1_L1152,15,512,477.53003643066404,472.794112,776.22933825,785.10021057,285.1752822493907,25.61180186657311
nano,kv_cache,p1_L1152,15,2048,40.828456979980466,41.5457385,53.74876335,54.75495712,9.251869524244222,31.677296837448786
nano,kv_cache,p1_L768,3,512,586.8625331240235,598.787734,1014.29142225,1024.1998658999998,414.39097592760413,25.964351472161674
nano,kv_cache,p1_L768,3,2048,35.006789962402344,34.9903275,49.708315549999995,51.53267909,9.124386388910095,31.086879289414696
nano,kv_cache,p2,8,128,43.4225011640625,42.83319350000001,71.0049655,72.40030915,26.00103756340252,2.2481348372093466
nano,kv_cache,p2,8,256,43.2598868203125,41.876431999999994,73.8854281,75.79206858,26.72392907653197,6.730526988235337
nano,kv_cache,p2,8,512,19.219057919921877,19.4494715,21.531907450000002,21.996817410000002,1.5932014733700308,4.4510430876506355
nano,kv_cache,p2,8,1024,20.950832318359375,20.945634,25.55428485,26.40647327,2.8090291967870504,8.838128946713404
nano,kv_cache,p2,10,128,43.50410067578125,43.087541,71.635017,72.82169515,26.295043596658935,2.873370322468441
nano,kv_cache,p2,10,256,44.83947717773437,44.3164125,75.2296187,76.51816929,27.72815446951713,6.242456589013527
nano,kv_cache,p2,10,512,18.17615502734375,18.10668,21.5491143,22.171973,1.98455930942124,6.188986703379457
nano,kv_cache,p2,10,1024,20.0506921484375,19.7035945,24.78568075,26.14433422,2.770572227056719,8.869982609804746
nano,kv_cache,p2,12,128,43.5931525703125,43.517849999999996,72.27341974999999,73.57388159999998,27.417935405683377,0.7488079915766486
nano,kv_cache,p2,12,256,44.77483201757813,44.44913700000001,75.83910589999999,77.20362118,27.625297665455793,5.071222326527826
nano,kv_cache,p2,12,512,18.990085396484375,19.2587635,21.6573401,22.387296879999997,2.0741145481726675,5.169248930019107
nano,kv_cache,p2,12,1024,21.781170498046876,21.769244,26.53990585,27.420183249999997,2.807966870056395,9.047367741191621
nano,kv_cache,p2_L1152,19,512,478.4657959716797,474.658938,778.62494255,785.40672904,285.0025919072706,24.581027946018022
nano,kv_cache,p2_L1152,19,2048,40.43025831591797,38.8527605,55.2291489,56.941953319999996,9.228586688128159,31.513730259263102
nano,kv_cache,p2_L768,7,512,586.672299578125,581.6533715,1018.8223882,1026.38407401,415.48329444909075,30.064264204300855
nano,kv_cache,p2_L768,7,2048,34.91378074707031,35.593955,48.6688302,49.69049108,8.937818067560507,30.61053412978892
nano,kv_cache,p3,14,128,42.492494265625,43.385307,70.37677599999999,71.26160945,26.249202892436646,2.395946639443361
nano,kv_cache,p3,14,256,44.504750027343746,43.632217000000004,73.48954535,75.28174423,26.49375293570992,5.3899541341268185
nano,kv_cache,p3,14,512,19.2755971875,19.044120999999997,22.28938195,22.98516719,1.8941026158232144,5.190982581064534
nano,kv_cache,p3,14,1024,21.05955815625,20.934092,25.98004205,27.89811682,2.7606551859114288,8.77119270372077
nano,kv_cache,p3,16,128,43.5798870625,43.873458,73.28538875000001,75.0243322,27.747648785084973,1.80826464054205
nano,kv_cache,p3,16,256,44.82382155859375,43.4111475,76.3026249,77.44645634,27.840983083279742,5.702489152849633
nano,kv_cache,p3,16,512,19.151638484375,19.450581,21.1584432,22.089954679999995,1.4829938967720189,4.449840295716459
nano,kv_cache,p3,16,1024,20.880004232421875,19.8021295,26.539646949999998,27.575342489999997,3.4226765447678242,11.158773323808022
nano,kv_cache,p3,18,128,43.5063917734375,43.621508,72.68961875,74.11785069999999,27.75071330391992,1.0318921461270922
nano,kv_cache,p3,18,256,45.279001296875,43.5909175,77.93872139999999,88.56436586000001,28.50974808621453,8.333637506065473
nano,kv_cache,p3,18,512,18.858967828125,19.101559,21.3218525,21.949250029999998,1.7348228699824109,5.178104596468354
nano,kv_cache,p3,18,1024,21.353449856445312,20.338557,26.579291249999997,27.3760094,3.119155430347376,9.912348299291901
nano,kv_cache,p3_L1152,23,512,474.9028856123047,470.4787285,775.5261102500001,783.82950939,287.5894051361194,25.069659946109233
nano,kv_cache,p3_L1152,23,2048,40.99718104394531,41.1179695,55.025578949999996,56.72736021,9.266203886757985,31.798031922080007
nano,kv_cache,p3_L768,11,512,587.5401418603516,581.448896,1017.95749845,1029.1763782,414.5096251423504,29.665028566037893
nano,kv_cache,p3_L768,11,2048,34.34929402880859,34.510641500000006,48.654148199999995,50.59940191,9.186545621761798,31.414296201612025
nano,no_cache,p1,1,128,208.50062246875,191.3329345,340.58025425,355.7023511999998,106.25781518418738,38.51384260465131
nano,no_cache,p1,1,256,261.2399250214844,215.7831615,542.1779412,569.92852536,160.4788139421769,197.21066756195944
nano,no_cache,p1,1,512,154.71220745507813,157.372119,220.61527435,228.93826061,40.01486939250992,137.55363520167995
nano,no_cache,p1,1,1024,248.15658915234374,235.137946,431.51069644999995,452.34918882,106.7107437447641,366.60284161596445
nano,no_cache,p1,3,128,207.0858920703125,195.4053995,336.5705385,367.57651285,106.15796898134603,42.88328298626641
nano,no_cache,p1,3,256,259.7291483007813,209.66495,545.6303091999999,566.1423426599999,158.93941327796904,193.4368297381554
nano,no_cache,p1,3,512,156.57538720507813,155.8791315,223.85803314999998,231.02332964,42.56037452263671,145.9013976241288
nano,no_cache,p1,3,1024,246.96972929785156,234.6026665,430.40676425,449.4964352,108.09725071319409,371.0956272846349
nano,no_cache,p1,5,128,205.956412515625,193.888701,337.36318625,354.86643474999994,105.34710211648999,42.56487224537635
nano,no_cache,p1,5,256,258.9955390371094,221.85109599999998,520.6421940500001,573.2095087099998,156.7565126707285,189.5710096059054
nano,no_cache,p1,5,512,156.94355102734374,156.841975,222.90129664999998,229.02852498,41.52754665061567,142.64917804163383
nano,no_cache,p1,5,1024,248.0064229375,232.18348500000002,432.7198683499999,452.76462165000004,108.4246969333511,372.5602049054116
nano,no_cache,p1_L1152,13,512,3970.7215172441406,3654.3079260000004,6397.58668925,6663.255402379999,1615.8347886657273,1568.2157564752026
nano,no_cache,p1_L1152,13,2048,1123.801774686035,1001.64888,2179.206233,2267.50468843,590.1669040912377,2010.7184571723071
nano,no_cache,p1_L768,1,512,2743.2461554091797,2621.8159994999996,4670.06774845,4814.99756866,1191.2474686988683,1521.4414627456888
nano,no_cache,p1_L768,1,2048,813.6227891679688,693.441681,1648.2878705,1718.55439061,452.15227742491885,1522.6835493925773
nano,no_cache,p2,7,128,205.33108943359375,197.448707,333.4140105,338.2323678,104.42520249556664,45.10021810785578
nano,no_cache,p2,7,256,258.10581478125,215.06147199999998,538.77776655,565.2036234399999,155.3841678807486,183.6118647356376
nano,no_cache,p2,7,512,155.42716157617187,152.79549500000002,221.96409475000002,228.12012296,41.81043310256263,144.0199494255502
nano,no_cache,p2,7,1024,247.89349186035156,236.1983035,431.82076244999996,454.23137887999997,106.99077498137422,367.1915702327385
nano,no_cache,p2,9,128,206.63024825390625,188.793832,334.59409500000004,338.89463094999996,104.85905977821771,37.151866853506775
nano,no_cache,p2,9,256,259.73974490820314,217.83077600000001,538.27446225,586.8351096999997,159.9386759418886,198.76779810890372
nano,no_cache,p2,9,512,155.5833255019531,151.88061299999998,222.76080209999998,229.94608273999998,41.21780822138772,140.97872405422228
nano,no_cache,p2,9,1024,250.4197604394531,240.36164150000002,431.08851939999994,452.22954615,107.30833200354233,368.3790391153821
nano,no_cache,p2,11,128,206.59588969921876,196.65697450000002,336.35113325000003,354.71443229999994,104.54080043400832,36.77157460629939
nano,no_cache,p2,11,256,256.480651796875,230.38359450000002,536.9023684,553.2644599700001,154.92128528800575,192.05000433911678
nano,no_cache,p2,11,512,155.41497233398437,155.5360285,221.2918782,229.90266828,41.1913329567551,141.08528320941627
nano,no_cache,p2,11,1024,248.30515427734375,231.6449395,435.4197443,452.67807203,107.89452925170085,370.8757558178671
nano,no_cache,p2_L1152,17,512,3822.1449885771485,3590.7176455,6347.2781404,6638.82530164,1732.8867205002598,1769.3952021942412
nano,no_cache,p2_L1152,17,2048,1118.4116050385742,995.9658919999999,2182.47622555,2285.22834121,590.1778422987913,2006.1593960740952
nano,no_cache,p2_L768,5,512,2662.354143855469,2496.3063924999997,4658.87710775,4798.99211489,1242.1882031959008,1653.1250861687784
nano,no_cache,p2_L768,5,2048,788.4813229560547,670.821979,1640.4147739499992,1721.39510258,459.8672510229418,1552.396734750511
nano,no_cache,p3,13,128,208.3017818046875,206.8377195,341.019381,347.90662295,106.90665379700684,38.420400565830676
nano,no_cache,p3,13,256,257.8192757597656,210.986309,540.8093308499999,556.9078443599999,154.74394596860472,191.76857220595107
nano,no_cache,p3,13,512,155.10723233789062,153.09243750000002,221.69747769999998,230.66304708,42.06647252588213,144.8469572722903
nano,no_cache,p3,13,1024,249.2644264033203,238.3255795,431.93120505,452.59970777,108.39572137396682,372.2220484715599
nano,no_cache,p3,15,128,205.46145218359374,203.97927800000002,333.81293125,347.88924529999997,102.35190279016278,37.731711874565185
nano,no_cache,p3,15,256,256.86753955859376,214.02817449999998,526.6078484,543.58006298,152.115922730983,186.0756918489359
nano,no_cache,p3,15,512,155.733952546875,157.0387335,221.35889369999998,232.57846784,41.255865559944404,141.82950556615282
nano,no_cache,p3,15,1024,247.50359092285157,237.4652805,430.6597913,450.3028563,108.44451799853904,372.6489243982718
nano,no_cache,p3,17,128,205.9904499296875,194.1643115,339.7040405,349.5131217,104.88795965568626,45.687027820912036
nano,no_cache,p3,17,256,258.43597263671876,213.83806900000002,540.00156615,640.2581447599999,160.11918381642326,202.96425553225026
nano,no_cache,p3,17,512,155.98239426757812,153.346746,224.0292337,231.27002327,42.40243146805059,145.59725314342938
nano,no_cache,p3,17,1024,246.2280393876953,233.0785315,429.34316379999996,448.67587079,106.98831436986579,367.74314507841785
nano,no_cache,p3_L1152,21,512,3823.542486665039,3612.7815865000002,6348.377201199999,6645.65049597,1732.5889707510166,1765.177144608566
nano,no_cache,p3_L1152,21,2048,1118.7396236884765,1001.632837,2186.09198135,2262.27618274,589.1629250259639,2003.5178257635803
nano,no_cache,p3_L768,9,512,2653.1200740410154,2531.7867685,4638.82815915,4787.87569639,1235.146119852779,1652.444753440313
nano,no_cache,p3_L768,9,2048,789.3287415043945,668.9981769999999,1640.4759599499998,1709.62321488,459.4471564823167,1551.7072526638958
tau,kv_cache,p1,20,128,40.62818944140625,41.501942500000006,68.0051545,69.36949755,26.436440196060055,0.5263442763230441
tau,kv_cache,p1,20,256,40.400804251953126,40.794927,68.0312944,71.69556442,26.431119187495593,0.6620195708400455
tau,kv_cache,p1,20,512,14.882192244140626,15.012811,16.41011125,17.011332319999998,1.0580132943319283,2.034788241082159
tau,kv_cache,p1,20,1024,15.748221325195313,15.955053,17.7430086,18.21345852,1.358122067304183,2.8088899570274015
tau,kv_cache,p1,22,128,40.5355436328125,39.953823,68.06839775,70.64843455,26.340648806802328,-0.34620478447167385
tau,kv_cache,p1,22,256,40.551074275390626,40.777266499999996,68.6845511,69.48974665,26.996925372095088,2.3331151994964467
tau,kv_cache,p1,22,512,14.219178591796876,14.1893455,15.68840545,16.34647267,0.8969847295310442,0.8043756386628762
tau,kv_cache,p1,22,1024,14.983152388671876,14.8270145,17.040792399999997,18.98721088,1.1586777194565367,1.1641288428352887
tau,kv_cache,p1,24,128,39.6050720703125,40.1229615,67.58135625,68.42646644999999,26.309289884852163,-0.2076578377586323
tau,kv_cache,p1,24,256,40.80267055859375,40.5679635,68.7507297,69.97458237,26.526406100381653,2.9313803213550162
tau,kv_cache,p1,24,512,14.720038837890625,14.82539,16.63013015,16.902479449999998,1.3634930359499167,1.9295985141163416
tau,kv_cache,p1,24,1024,16.0245222265625,15.8714935,18.2222407,18.9878911,1.1985406040875959,1.2391227556026068
tau,kv_cache,p1_L1152,16,512,434.19212567285155,430.9609855,717.71546275,728.44843245,275.53483329602244,12.698162250569023
tau,kv_cache,p1_L1152,16,2048,22.554131450683595,22.6153645,27.88800645,28.78892524,3.5227040318197567,11.591752343576035
tau,kv_cache,p1_L768,4,512,557.3240000888671,550.411654,972.15676175,978.60328079,404.9388212635781,10.68991229183686
tau,kv_cache,p1_L768,4,2048,20.754796739257813,20.012071,26.16166015,27.00238451,3.1969505002292764,10.166300857674809
tau,kv_cache,p2,26,128,40.48273834765625,40.727227,68.08916525000001,69.4232648,26.368951330525963,0.8365232882256232
tau,kv_cache,p2,26,256,41.45906011523437,41.797524,69.01894854999999,70.55977200999999,26.360694295352918,1.630881878736568
tau,kv_cache,p2,26,512,15.21673684765625,15.4832645,16.70740145,17.09258547,1.195585868635171,2.402460740572901
tau,kv_cache,p2,26,1024,14.766487795898438,14.632742,17.956081299999997,18.68853529,1.6215728343694353,4.409171903268702
tau,kv_cache,p2,28,128,40.9652770625,40.9891505,68.5218225,69.33588745,26.225314044235095,0.7958760904596511
tau,kv_cache,p2,28,256,39.658179537109376,38.4094085,67.96595975,68.89030412999999,26.017854271659605,2.8264354588693514
tau,kv_cache,p2,28,512,14.48400501171875,14.525088499999999,16.0777933,16.7887073,1.1387310736761709,3.216853609777863
tau,kv_cache,p2,28,1024,15.620898932617187,15.6347235,18.518452049999993,19.62292909,1.7196125932489255,4.527230264885196
tau,kv_cache,p2,30,128,40.5056106875,40.3827625,67.88820575,68.45088165,26.387975140689534,-0.10848727668923809
tau,kv_cache,p2,30,256,38.50892915429687,38.2294825,64.90626275,65.67235167999999,24.954486627802616,1.4381464625772824
tau,kv_cache,p2,30,512,15.087609869140625,14.8598025,17.11203145,17.953231909999996,1.1298199816792838,1.5488734331490792
tau,kv_cache,p2,30,1024,15.677404889648438,15.4466655,18.8292158,20.05662212,1.5533835484249157,3.7603881758901427
tau,kv_cache,p2_L1152,20,512,434.69804022265623,432.244672,720.54519765,733.3414526899999,275.7893394348596,10.369086682207252
tau,kv_cache,p2_L1152,20,2048,22.367143130371094,22.094486500000002,28.0737797,28.925085009999997,3.641187261883254,11.929638522457239
tau,kv_cache,p2_L768,8,512,558.4629942548828,550.8124385,973.41574775,980.82803045,405.9159309509048,9.582487084892515
tau,kv_cache,p2_L768,8,2048,20.83026217871094,20.561276,26.1148644,26.926748489999998,3.168950234958471,10.206921300346695
tau,kv_cache,p3,32,128,40.15850511328125,40.2556575,67.74105075,68.8320108,26.24961115029121,1.1526978082768904
tau,kv_cache,p3,32,256,39.6288795859375,39.8096365,67.12349075,68.15591446,26.36378192962822,0.2671783471733226
tau,kv_cache,p3,32,512,15.523578650390625,15.647884000000001,17.380918649999998,17.99606622,1.3184662603473538,3.5028929704397913
tau,kv_cache,p3,32,1024,16.607981600585937,16.3979005,19.10968635,19.86817499,1.3919157382755463,3.830710242901072
tau,kv_cache,p3,34,128,40.6921373125,40.5751595,67.888819,68.82973455,26.18648040365574,-0.027950919978004488
tau,kv_cache,p3,34,256,40.13657071484375,39.336773,67.4349307,68.71951354,25.775046556885894,2.676294696726994
tau,kv_cache,p3,34,512,14.365194705078125,14.294792000000001,16.1156902,16.99408735,1.052721247648171,2.9940087414655427
tau,kv_cache,p3,34,1024,16.892494193359376,16.843586000000002,19.620708299999997,20.09377072,1.8391634383640776,5.656830476767046
tau,kv_cache,p3,36,128,39.93921723046875,39.5995545,66.11821325,66.71880065,25.08511423024134,0.3735514076176973
tau,kv_cache,p3,36,256,39.2390026640625,39.8952855,66.1371352,68.25377314999999,24.940200095395614,2.1305615738155272
tau,kv_cache,p3,36,512,15.1176459765625,15.2339785,16.991525799999998,17.6922873,1.2556684920727677,3.4086146907909076
tau,kv_cache,p3,36,1024,15.128222883789062,15.3026745,17.2232166,18.04192854,1.3237233527023788,3.083263136056076
tau,kv_cache,p3_L1152,24,512,428.46791015917967,424.5740945,706.3457948,714.85020802,269.1025903516196,14.029536583639015
tau,kv_cache,p3_L1152,24,2048,23.092608010253905,23.0605935,28.40661485,29.647150630000002,3.353596858896245,11.113024662977857
tau,kv_cache,p3_L768,12,512,557.4439604091797,563.8815225000001,973.62447105,983.09718966,405.9748926965248,10.930640541159194
tau,kv_cache,p3_L768,12,2048,20.379343282714842,20.184178,25.40774985,27.09427283,3.062167748202466,9.626086905059104
tau,no_cache,p1,19,128,253.761433671875,240.76178599999997,398.51115575,427.8172980499999,114.97440727577448,55.09891600952215
tau,no_cache,p1,19,256,313.9394071210937,280.3533355,600.6470946000001,729.35904041,165.28737882795613,228.7221229945528
tau,no_cache,p1,19,512,214.02590786914064,214.523465,308.7051187,342.95555537999996,55.90138761168107,186.08083038191367
tau,no_cache,p1,19,1024,315.1587020800781,302.981443,514.6731209999999,539.8028587399999,121.96549261915234,419.05088579583145
tau,no_cache,p1,21,128,252.654841484375,253.65069,392.73978850000003,399.64686205000004,109.76980547509817,49.196610574254144
tau,no_cache,p1,21,256,313.6678198320312,277.1710885,602.2975694,657.1669090299999,164.15897633131883,224.7624422345619
tau,no_cache,p1,21,512,216.1409124140625,216.7864735,317.0791841,343.67112291,53.65495718957548,177.5982716249987
tau,no_cache,p1,21,1024,316.5027918115234,312.6064965,516.2797032999999,539.02342255,121.99043002151787,419.2608619788054
tau,no_cache,p1,23,128,255.704311359375,241.6247635,398.19663275,412.8078478499999,110.95711651796839,53.89412893975481
tau,no_cache,p1,23,256,313.195304625,256.692632,622.61275005,682.80745979,168.4895698053333,221.46473578127723
tau,no_cache,p1,23,512,209.68658225976563,202.874683,293.55816699999997,317.76250251,53.1491442671083,179.4363924696902
tau,no_cache,p1,23,1024,316.3491871816406,308.2680765,520.2530317999998,551.1304831799999,122.30769896377396,418.9411209258507
tau,no_cache,p1_L1152,14,512,3917.231664075195,3676.282152,6392.6407718499995,6666.01318427,1729.122966541847,1694.9709913671961
tau,no_cache,p1_L1152,14,2048,1228.9202372578125,1121.1862985,2307.5631122499994,2404.86944712,604.1281196237692,2058.301556180842
tau,no_cache,p1_L768,2,512,2769.2023234003905,2597.974557,4737.5279123,4877.07511067,1250.499561884004,1625.7768878675215
tau,no_cache,p1_L768,2,2048,886.6103540844726,775.36879,1760.6856647,1835.3726465599998,479.0698410727396,1621.3626895381385
tau,no_cache,p2,25,128,258.91175950390624,250.200208,409.355114,447.2340348499999,118.42318821293883,52.11172965409272
tau,no_cache,p2,25,256,316.42063249023437,268.696883,621.1650509,696.59355489,168.64785471926578,232.05257137830188
tau,no_cache,p2,25,512,211.99846493359374,211.542516,317.5484806,343.32879075999995,55.845559618478234,187.39624309824785
tau,no_cache,p2,25,1024,316.96504971875,310.0802945,516.6624697,538.9601167,120.3437627486463,413.0946392813559
tau,no_cache,p2,27,128,256.70931283984373,250.12471,403.27785925,446.5822686999999,112.2896516981454,59.03709095641824
tau,no_cache,p2,27,256,318.0780724921875,265.12661549999996,629.4245195,705.9171861699999,168.425114182746,238.59996080292998
tau,no_cache,p2,27,512,213.56941215234374,211.18419949999998,314.7743458,336.26672002,56.76236738295783,189.995043050274
tau,no_cache,p2,27,1024,316.94508531054686,320.345595,516.7777992,535.16987732,120.23763499935423,412.8899357063444
tau,no_cache,p2,29,128,255.70155869140626,255.5638725,396.66776325,426.96158619999983,112.74002077729887,50.288257313129485
tau,no_cache,p2,29,256,312.93903730078125,278.46375850000004,600.5951153999999,663.3149550400001,165.0436194105467,219.74563477702
tau,no_cache,p2,29,512,214.40678618359374,210.866424,309.40169599999996,338.87735885,56.80821007811159,188.56509658763346
tau,no_cache,p2,29,1024,316.9852820439453,311.090156,519.0140053499999,540.4486524199999,123.14706127865422,422.09761972405386
tau,no_cache,p2_L1152,18,512,3895.9071370625,3749.0829034999997,6336.1252133,6655.43934369,1713.9529307717935,1692.0353303840436
tau,no_cache,p2_L1152,18,2048,1227.6969165141602,1106.972841,2302.34404505,2404.66511781,603.9016618494634,2057.591981301762
tau,no_cache,p2_L768,6,512,2769.388178875,2579.8741065,4742.54754265,4871.74202881,1254.1903425769472,1637.677976579393
tau,no_cache,p2_L768,6,2048,888.2272811953125,775.883331,1750.4945810999998,1842.26322014,476.54865421175,1613.8946039334614
tau,no_cache,p3,31,128,255.02649078515626,240.53627799999998,400.963892,435.1122495999999,115.46053508387371,48.65889326991399
tau,no_cache,p3,31,256,314.8255399140625,269.0863445,604.865574,697.99750607,167.2398751083046,226.961046513161
tau,no_cache,p3,31,512,212.73233990234374,216.943112,294.38820875,308.79348637,53.45840554999589,179.38509788178217
tau,no_cache,p3,31,1024,318.00449072070313,309.7557905,517.1015667999999,538.4535674,122.59380171429247,420.7834032346757
tau,no_cache,p3,33,128,258.5836571289062,243.9404025,405.54042175,442.49546069999997,115.05156800249075,59.08752758963578
tau,no_cache,p3,33,256,317.0634113125,281.46770849999996,606.374353,666.0312163,166.56814110918774,223.94609485017196
tau,no_cache,p3,33,512,210.4360836328125,213.20293800000002,289.77056165,300.1190111,51.78567111269606,175.74054379185404
tau,no_cache,p3,33,1024,316.3356266708984,310.08664450000003,516.8102772499999,536.78002885,120.576657698814,413.9740082021657
tau,no_cache,p3,35,128,256.7078132421875,244.4099565,397.18032949999997,423.00196034999993,111.49028151830217,51.26326916755204
tau,no_cache,p3,35,256,319.19602551953125,269.54433500000005,650.4001513999999,685.8444012,168.98117721472602,224.44748451480905
tau,no_cache,p3,35,512,214.44126169335937,212.818224,295.10166825,307.91836992,56.39186403101932,188.07179060415882
tau,no_cache,p3,35,1024,315.91016013964844,301.01412700000003,513.6995185999999,540.9397376,120.57166845543259,413.45949719352257
tau,no_cache,p3_L1152,22,512,3899.9076205009765,3663.537917,6344.040668399999,6624.48139209,1712.2954011081067,1683.8246188803187
tau,no_cache,p3_L1152,22,2048,1225.8774719169921,1117.536319,2307.8451371,2405.28285859,603.031098162167,2055.0024184258727
tau,no_cache,p3_L768,10,512,2762.8908416396484,2571.0159025000003,4726.5573175,4849.22834908,1245.6780046258002,1634.9060923662237
tau,no_cache,p3_L768,10,2048,889.2939541757812,772.9989390000001,1756.1759012999999,1832.11251239,476.4104352454402,1610.8705285296494
